{
    "Adho Mukha Svanasana": [
        195.14735572565294,
        193.0672851212811,
        182.16912170627177,
        181.03078806137646,
        176.431833096212,
        177.12960182226564,
        51.74293164653543,
        53.93222706873304
    ],
    "Adho Mukha Vrksasana": [
        255.6711619338636,
        260.65708481542066,
        181.89013156094956,
        180.5894624280866,
        103.02848555668199,
        114.48437692932973,
        218.59562434868067,
        225.81462820684044
    ],
    "Anjaneyasana": [
        148.8091860702601,
        148.2014301451293,
        137.3640875662051,
        64.13870532416635,
        172.99059162799804,
        172.16995230612403,
        87.90266369090565,
        116.98089134373971
    ],
    "Ardha Chandrasana": [
        190.80606924437683,
        189.63865230339647,
        194.99150626391793,
        178.11934347423912,
        110.72657041089288,
        79.91605789710613,
        207.67892166687167,
        72.57512574650491
    ],
    "Ardha Navasana": [
        144.90857713467884,
        170.3400116005676,
        93.60809810561443,
        97.55359039428225,
        58.35559567934574,
        44.037234703344424,
        46.737612563196485,
        46.60497507488329
    ],
    "Ardha Pincha Mayurasana": [
        116.1048691030524,
        103.98226515319577,
        177.7814813717144,
        177.91171304411444,
        191.25380912230298,
        191.66279244903265,
        51.32184656278661,
        50.36069156500468
    ],
    "Ashta Chandrasana": [
        170.87787113419446,
        173.46483435092887,
        100.45697736596622,
        160.01921559408544,
        181.77457544191583,
        178.51316568241242,
        137.82210691600233,
        255.24349039583618
    ],
    "Baddha Konasana": [
        185.54102600849288,
        177.0557164811308,
        12.699314063635237,
        11.326452409626384,
        0.8819022936784227,
        0.7982515393451237,
        57.67107904601468,
        61.02397602698018
    ],
    "Bakasana": [
        153.21939119107032,
        164.714354014458,
        45.810919763456376,
        51.91691719535773,
        267.7061107472101,
        273.1723533149283,
        18.724689279832837,
        18.19686430079371
    ],
    "Balasana": [
        140.57098113868173,
        129.7995541706363,
        54.06734762399645,
        296.54521234819777,
        224.6103651984996,
        222.57381865823095,
        36.91490740135173,
        39.634440444354354
    ],
    "Bitilasana": [
        184.8378396304001,
        183.6116122874775,
        84.17817380378673,
        86.78640118466974,
        63.13447594383304,
        69.23928721608256,
        247.65127371368948,
        241.55529985530362
    ],
    "Dhanurasana": [
        173.72893107074077,
        238.21140997871385,
        251.63880869418185,
        260.00730109154733,
        122.43045312338973,
        86.27208283299571,
        92.30651863131459,
        87.58736539412583
    ],
    "Halasana": [
        178.92878895010801,
        171.46081195323188,
        167.24214410899705,
        167.95398303347295,
        97.69906961021142,
        97.00193054305508,
        51.016448059934696,
        54.25007296474884
    ],
    "Hanumanasana": [
        163.07725647934427,
        169.14755006670651,
        188.04413493359863,
        166.02755451808645,
        179.47067739490586,
        176.5517608942031,
        107.34930351336077,
        255.98547717197926
    ],
    "Malasana": [
        57.484577397604085,
        56.6950929144247,
        31.59950967663555,
        32.64176840959744,
        46.08059918223256,
        40.7179597073709,
        42.459042304344216,
        40.16165676550579
    ],
    "Marjaryasana": [
        185.8686601679284,
        187.9985322897367,
        98.83260466275136,
        95.09590858194186,
        72.23054308202005,
        76.23139887430649,
        254.91963100444784,
        250.9976851699853
    ],
    "Navasana": [
        154.33743410165712,
        154.04584149164768,
        166.8741380051549,
        167.71115788259908,
        34.64781414526442,
        35.81477549712693,
        65.16963345604175,
        64.98550250985328
    ],
    "Padmasana": [
        166.60915935113488,
        197.21577694651415,
        13.91029651580496,
        15.764410740709273,
        31.13357938629487,
        27.96009179048093,
        105.19781823591067,
        259.6502158792157
    ],
    "Pincha Mayurasana": [
        290.10158606623816,
        298.89041201129174,
        182.97154778742342,
        174.825236410896,
        145.55160655517543,
        163.2354761709971,
        177.50092429172733,
        178.23057567334456
    ],
    "Salamba Bhujangasana": [
        163.33005685748873,
        157.61859973655342,
        183.9670434431465,
        157.1175606387754,
        9.687308938012837,
        11.513585674488857,
        244.9425178232398,
        260.2858383817199
    ],
    "Sivasana": [
        190.0263241119256,
        166.1316333603407,
        177.23830487148882,
        179.88655792084757,
        344.4107356594007,
        342.8888179738048,
        171.9795632343616,
        170.37176937462309
    ],
    "Trikonasana": [
        157.00631328642362,
        172.90380844559925,
        179.61782243328722,
        186.0222584657989,
        258.1757358269493,
        268.2135835555946,
        33.40348188188901,
        144.58772162236107
    ],
    "Upavistha Konasana": [
        178.0549124422957,
        182.11730531675525,
        182.08717315496068,
        176.8229189480023,
        12.298874133417868,
        13.048051800302218,
        100.05749492680641,
        255.51079751057787
    ],
    "Uttanasana": [
        87.62410867282051,
        74.3840645074185,
        169.4988543481812,
        175.8868738610779,
        296.859355305694,
        298.49614197831096,
        36.91984834537363,
        36.497252859565165
    ],
    "Utthita Hasta Padangusthasana": [
        172.60121961147516,
        174.02033331910022,
        181.05963342258698,
        179.7449385333588,
        253.31224666217878,
        91.90138350074834,
        62.88636628694534,
        179.85503032281056
    ],
    "Vasisthasana": [
        181.4614160981745,
        172.91858871891495,
        186.1289051547743,
        178.84621319352848,
        241.8804761270079,
        69.29282517447515,
        179.8449862361831,
        180.70760289867388
    ],
    "Virabhadrasana One": [
        192.23314904159187,
        186.8818410041177,
        101.4570938112802,
        202.23473553763503,
        190.76915370272218,
        191.11210589562808,
        226.51975673083393,
        92.74078205110975
    ],
    "Virabhadrasana Three": [
        198.31038160125036,
        164.6429221591287,
        180.43132845434587,
        181.13797792439692,
        162.76799476449,
        156.99202357370072,
        112.44516727909533,
        147.82966966492523
    ],
    "Virabhadrasana Two": [
        179.68406721461545,
        177.86620813024984,
        107.95603615855326,
        174.56330502051964,
        262.0594359869047,
        100.25120039457416,
        129.42877984479858,
        262.2979540980738
    ],
    "Vrksasana": [
        33.61999404146039,
        29.540970853085263,
        13.974997526266186,
        188.79726109968368,
        66.44447374046031,
        72.24049417901529,
        173.7480281550308,
        260.5400365119113
    ]
}